left_knee,right_knee,left_hip,right_hip,label
172.6123780883018,177.72248439497866,177.40194254222112,171.7187484428921,171.09376113944887,172.69681822951043,UP
160.1421630489231,167.60285188947998,172.97711968253634,176.71317737441618,151.6843123715745,151.65977994800522,UP
165.59734113197325,164.4810626243423,168.42731146326125,171.1597449592849,161.8761505512307,159.00939801911417,UP
170.18883212064802,179.7478233296948,175.91027843616456,170.48331946866398,157.82882425242525,161.12443769563026,UP
174.43985356348654,177.67390307760462,173.41113875459038,168.52335226736668,169.00837320624734,172.6183612148262,UP
176.84862102695388,171.8610850518828,162.86124485470572,172.9015291439761,174.2879253678737,175.22444857333284,UP
168.32656704954618,169.0206319781428,177.26837324268777,173.67683750027854,131.78397946469056,138.5885647451153,UP
175.88521468160096,177.6378895584313,171.5787977452376,167.94398915932712,176.81904885401045,179.6840667792723,UP
98.22947141057887,90.42368975950559,112.85163895700023,131.98037869503966,147.81301952359055,127.09275094903427,DOWN
92.80983680505176,109.61353192366875,111.14156179349908,137.50732196516392,149.89990191099366,145.4169347205055,DOWN
162.50878351468236,161.40807883676914,159.2668997641545,160.481148098288,169.0873226433559,161.5463524424457,UP
91.00352532430003,101.58628643624995,104.42948804274229,139.9796477777026,145.7295904947451,134.34865612079585,DOWN
78.85516094052866,101.91398162414805,95.73431208321779,148.05736535025403,147.16178051208846,131.29018871784044,DOWN
167.6865303529424,162.8115147487623,160.55422600463203,159.10150502495665,169.3347886625132,164.32074095645044,UP
174.09347075885017,171.52787241989608,2.4980112040535802,1.0362527866947635,153.81752294321586,159.64357371637644,UP
160.15233575447252,174.73386531103952,17.005318999823245,10.006951557682022,160.60319685263806,159.76113853887958,UP
172.21190538417443,174.04417499225048,9.496918229087644,14.926882596100137,158.13871881454557,153.42949568792199,UP
58.646680460751554,77.28291433727512,131.06733748165036,113.62047375020427,95.44400541608678,127.49463101083731,DOWN
56.94722363954467,106.19790369657579,106.9602243713382,98.12899086921891,118.0168029530889,77.81344769876756,DOWN
41.23917365069628,71.42047764609187,92.39952105365182,78.56125742646026,25.559504535650717,103.331719124605,DOWN
77.81763278661495,87.30406935699375,134.41132569956267,129.95347688924406,108.30841423081984,124.53154815140562,DOWN
171.94450358214254,178.5721232410266,9.36164407644783,4.0549400243976965,149.5859518772331,148.21037372434057,UP
165.6890016371474,172.1901631810936,0.847443618336347,2.9087328522524825,137.17972556888517,143.60705334288468,UP
170.71277692896427,164.83743526583842,3.9583783596461912,4.110433912951062,151.73374561019554,145.15026050993234,UP
165.31818128476118,172.2181109197643,14.22332405756314,13.313980165174655,161.84328234313287,154.07793116396047,UP
168.0623767276872,178.36638775218805,161.91467004147515,173.98188877375082,171.40564154025805,172.6785629186931,UP
164.27819723599714,162.2064271228898,161.59943894606263,171.5893019717984,173.33881419317976,156.00652935278484,UP
177.5882800082132,179.10228816439326,166.63477797495003,173.59109970304877,158.51174684651994,176.084970739144,UP
177.61439092327177,178.81446175804433,178.22223460899434,173.13399807119424,174.43814174730545,173.1726645188328,UP
179.18408908782712,178.10367116178924,173.80665376703118,169.22501168489276,152.95522668310943,178.58717921240697,UP
177.30989260039553,175.29357271460407,174.77766013207324,176.40343023059378,178.89662976528822,164.6888461414583,UP
178.27963061823945,179.80202787777546,171.22009343182046,173.4333545777803,171.9062712222506,177.55253695502373,UP
178.0439952763999,176.39457430179118,178.4445793095939,179.6560582907881,141.82151210138377,166.902325305669,UP
165.6578502587265,172.6211529181802,174.0529836713601,179.1615314261711,140.33655579854192,147.09161850010065,UP
177.4262912365254,168.9539641719756,178.359237907441,175.84241264765325,148.13267527954497,140.68286783936193,UP
179.24986517167116,178.35665304537963,175.5947690698553,177.98249244878625,169.92887795347485,169.45965795501283,UP
177.37533410968794,174.02497789723617,172.8620754589162,175.5998055007286,164.20205033206733,155.6366597251951,UP
171.55781775438527,179.3921510648041,170.3385418309138,179.2608557302215,159.5143825265172,169.7342584851574,UP
177.88671462783293,174.37705549624906,173.08907986688365,179.01728003274476,152.55235463061166,137.4001886291475,UP
172.16982760698204,173.17531568631597,179.90947250311874,174.49837602719006,148.27012427376803,147.7042317980671,UP
108.3327545530754,99.89667679193302,104.60504308347828,100.74699975587572,140.34869495145313,133.2008129630668,DOWN
79.9999289643445,75.54071893127866,81.40938410015713,79.15956461470074,146.79366494653766,138.33560900441782,DOWN
93.93843931273302,85.376860483987,87.5079593462188,85.19506777239451,153.08526768386477,143.30908173371742,DOWN
171.99674138002229,171.78732517915455,173.04146728527994,170.314579316001,140.676186654468,138.38253189229226,UP
179.71701635627076,178.2103619240945,179.92956703164685,179.5247668623247,176.4454242289147,174.07222916780634,UP
176.58241842238988,179.88547337604504,177.83110116197687,174.89200571873485,147.06263902581475,153.97198468095507,UP
163.10720417039937,168.38792642913637,162.16472537641764,164.75209010481674,127.04031275770879,120.14108597323207,UP
108.99062014586396,103.75554057554466,106.5814442063608,104.15179466857026,145.75927320331797,144.95793288192834,DOWN
81.83605816320971,77.23962475649175,86.17988353304764,84.04317685692916,140.3556551968393,141.67376218929715,DOWN
100.82253334886003,99.8348783571422,96.39602779304676,96.98162092521693,148.3933119325389,143.73856374945865,DOWN
170.52673250255552,173.78578452865978,172.58435576092776,174.22987403403292,138.66512682073832,140.02709144769963,UP
174.13936278085995,176.26402094226665,178.95368849218343,177.44650555889348,152.47800331750364,146.82576126587557,UP
173.94300802632839,178.19970091366017,179.53696594078335,179.15268178705594,172.35682742230384,168.8213190432449,UP
105.05126099061975,93.17026954738043,102.714293246093,93.97762280793762,145.77149543317907,139.49310652179636,DOWN
79.51903557366175,79.23988481235907,71.81153027737366,72.27421101755311,150.52090938848883,141.1455210753431,DOWN
100.98459338948815,80.69150163404393,88.90957113337709,71.35243150121829,140.93950522412072,125.09059402317715,DOWN
162.38442322762918,168.13532012284833,160.31823854010378,163.95774777414624,113.5498516707251,118.47050373254439,UP
173.49289730613947,177.00850600528688,178.86072593140534,177.03665105592387,147.81371373543416,141.63401948945392,UP
177.39364533597617,177.91839142729665,177.71002286282172,176.2438238893431,168.22586011360124,168.61544445217558,UP
166.61584741389586,171.53427739352296,167.31972690587577,170.06802196435257,142.10632381577213,149.4946723739951,UP
106.92226272141424,96.18218469004462,100.26867611266886,94.2306070699342,142.45941457155072,135.0925911817683,DOWN
77.41618373351429,73.01547141652422,67.60442432015458,66.14403662727074,151.587133864825,150.75527501263832,DOWN
95.00314612692763,89.2344247665447,86.5916142920106,84.91658026379724,153.0316802190991,150.5500435646291,DOWN
167.47326869059745,171.45522308995422,163.80462124507812,167.3755996771643,124.5158137877778,97.64236564366246,UP
179.98159157775632,179.32212297825174,177.80281591957421,178.15403865254424,154.2639355432877,162.33404984921137,UP
179.4332896965199,178.6194847191403,175.15093011819098,178.77867107792358,172.60657068043216,178.78357425203188,UP
166.03670288629738,172.38417460756807,165.93846693032472,169.17781352754963,110.61258400544895,114.79998730123523,UP
107.42026723503824,101.6029095748613,89.10909889882106,87.78012273789,145.32794458493734,134.36790564714082,DOWN
76.04089373911305,82.62624221065458,61.7741998511558,64.92938229976374,142.46082930693808,150.54073782876202,DOWN
94.24878980635296,96.40958326083056,77.57327570607401,81.43656326665712,141.10840895891357,135.4570457463469,DOWN
168.2181506015808,172.6820988071845,167.62323052517914,169.02397403578766,117.1673082162055,118.72088752807676,UP
170.0943801876197,178.75679833194573,174.75163516454427,176.96270087507733,151.07370751248527,153.90687500007635,UP
179.54506854053503,176.99528034373267,175.53940172897467,177.0853777595571,166.4946107129754,172.10199837107953,UP
174.1374803675198,177.49810301227348,176.4107219839227,176.62502043070336,144.27332770053238,149.8210864112466,UP
165.4997758774836,168.14928791789563,159.95930459315275,162.4693925116378,138.48529827460519,115.40978405344651,UP
100.07593754799204,94.30934466864383,78.10453204100173,80.66138117210488,143.67990471780016,136.35402338129703,DOWN
106.6675057543287,97.60373030036382,90.84103544322176,90.01715580062569,148.78593006711483,133.23252903026366,DOWN
162.94763082411671,168.4831967695292,164.61237084405306,167.9567372283401,138.23696466944,128.69504957120185,UP
177.64218039084642,178.86038499437973,174.6118153072394,179.8898973695432,169.4497564223225,169.01429045746318,UP
171.8371761686563,177.51465793847987,178.2516700823591,177.97374826552766,152.59116246287277,156.79511798625853,UP
169.25225672961608,167.75145420195932,179.17445492022455,172.42691013003227,141.23485492273096,135.12962848269513,UP
176.9947964347297,177.6230419627032,173.3679658995965,178.6744400749597,162.4288499087849,178.36933888387287,UP
178.55990423988285,176.00081616396272,174.77069281965115,168.67069643880592,166.55403496095298,135.00565801408393,UP
179.74498106217575,177.8763710606086,174.6483750679287,177.36145922376022,177.82067235047325,148.5087615259051,UP
170.33836457328027,176.08972881390088,172.7574526295815,173.62031278421628,146.81591123115655,177.62839801642104,UP
177.30805437504418,174.99022822559715,179.43955682761938,174.81575956654638,141.24323118516696,160.63562256588125,UP
178.09421666327995,174.66494053758896,179.52945797405172,179.87398049699038,112.65039756608064,104.83191303592699,UP
174.81599945279058,177.01362489782358,176.0964871862114,175.56316617896408,152.13250402611564,156.19867630301593,UP
61.938135560628986,27.202728751519345,52.27664586676177,43.20909781217156,171.15087858414307,139.4830243084575,DOWN
177.92261240495603,177.56842062553233,176.72399150133876,177.78950113069465,161.29323643180518,163.51843541059506,UP
164.4380720430404,179.57784543039446,168.10056267130477,179.09824516317235,143.1804234500264,155.5983815323584,UP
177.5678879561725,170.1734143917087,175.23080049479788,170.46589289852716,105.28430043355553,139.2651089008401,UP
105.57679967208529,105.23698040101888,106.87166177450231,110.09945695834577,143.3277255933699,139.60882213946462,DOWN
89.17159143375466,88.79909949062574,75.37330917838845,81.79967093303401,144.41800878392527,145.0603107866143,DOWN
89.8257400701462,88.82605126504149,86.47367644639327,89.62602694698387,141.8247274685056,135.6192376083254,DOWN
176.8628393911041,176.91831581735988,179.95260591355984,175.136828346346,150.76125480734933,154.2727414114716,UP
172.0998227730751,173.65725454455,169.7335240300087,179.04807126769853,162.4529976889353,154.54190974448065,UP
102.24948699822636,109.43280511098658,110.12576313731348,114.6085670956007,142.0752125640804,133.42491836492087,DOWN
81.71934183989379,85.65993178181566,80.52389077981675,89.04729026342022,140.89221220707486,135.15422185001196,DOWN
76.8021698966341,74.95398260720111,71.51618587214348,70.81523710060618,141.47850008715864,136.53643285485077,DOWN
75.00984765560628,94.03235564168426,90.01696427883277,100.60123714746847,136.91913306146338,135.88881002091992,DOWN
167.29754865727642,173.87369517167252,166.6206493933844,170.47742856591975,153.95177309260285,154.1485095702685,UP
97.52064800332334,108.06734788986287,109.44757645650607,114.97995257952911,143.79657413508033,132.06965769925722,DOWN
82.3213155308685,81.73057039288199,77.3082402044222,81.4028001023306,139.43745669671267,133.61205129570078,DOWN
68.87193879541104,71.60157112498149,63.349307556409414,67.73327981891501,145.00362804753112,143.00393348276398,DOWN
65.01754639873889,86.03283193741004,67.78641807755339,83.49464264478905,144.0692824349468,148.6965192277183,DOWN
167.1121959942789,164.10984133951675,163.8831180260915,161.30312997700696,147.21864411382975,139.56386576035908,UP
179.78263527967576,179.48392730689545,174.128374634394,179.89335208327168,171.51440111893285,172.75761006706665,UP
179.33280219687836,172.40118736331934,172.30903906224864,166.74985812506233,145.5085997820394,138.0511970042336,UP
91.54782833097727,90.8574180878876,84.45753217327919,86.34286440631767,145.50284126548308,154.01936132038477,DOWN
70.95902546532886,71.76425037269297,65.97664286805305,66.68514203860438,143.87140492811437,144.4887472257439,DOWN
78.87252440974618,84.96868989612517,75.35698780033557,81.82036297496073,140.82163587474116,153.86123161608515,DOWN
165.45002262827035,160.46032492797252,164.09427328434066,164.74307679550412,143.10826369516374,141.784606722063,UP
179.7786013477993,175.4980720311526,176.1659306949129,176.78862631481024,175.9068337657484,161.1952773057882,UP
177.6189300355485,174.53905330531322,178.0044004653036,165.40920684446064,169.82666499719625,169.08839887820545,UP
171.64019300569743,176.06037022984066,175.17499636655765,171.7606825204205,107.87156172820056,117.40021733054718,UP
169.92232371978113,169.51448852185922,170.96223512398032,165.7179231345484,120.97895557768537,127.99379410705095,UP
177.40432096385305,178.72183292184147,179.59533935631177,179.2068324827752,133.3704562532553,137.5229322885067,UP
100.05256948598498,84.83783290032065,154.8753771225846,178.34845639054328,66.82279372643256,64.24669815445395,DOWN
173.53364589754983,175.43914895996403,166.42769144007536,172.59385626465746,172.60759785658658,174.55546364045196,UP
178.4841725831153,167.1040394250293,167.7745660828882,167.56519603100378,178.90170024109773,166.0269383693659,UP
179.70115488054842,177.17295294652934,168.9258912852506,171.1066290511172,170.6191614721538,178.80095506109495,UP
177.649859738458,169.82889687454107,169.43065497131514,166.15240279428937,170.8154959340746,162.81798287177614,UP
176.49196476897757,174.94376345926685,168.83500946751488,168.71934539033336,166.4357395676131,179.0768167597769,UP
178.78299435083076,164.95195938297522,174.69669252366558,164.07996533086506,169.44594799673914,173.07749011390644,UP
178.56835136049074,176.8807903257207,168.73635786960202,170.12329495259277,174.47066105192098,174.99778836622707,UP
175.9379984685865,166.21400815897454,176.23668011814598,173.47762052382086,153.26313208913595,151.82948949489085,UP
177.05287873953088,178.87694947360154,178.67088872962742,176.45894535699864,128.20639962947487,126.52431486525839,UP
173.77405971478964,178.25369563801894,177.40042027246676,178.65620183327653,100.40579768214286,102.00835784470229,UP
170.71123866316827,170.60427980870162,177.75518533290892,173.46534507057171,143.00853925681707,127.13949528744087,UP
172.79501276330606,175.32248917967985,177.0913209394141,179.65203340804024,125.20616657690775,126.79165859278629,UP
176.1296061245495,171.9473028864378,170.25685792535043,169.72803856768644,132.2463561568526,128.0876494412081,UP
172.15232370760506,169.61615467503518,172.798847115619,173.80211931765754,169.87724933024666,165.47421943292383,UP
103.9258327213557,104.6992996935583,112.77150752961339,110.64335425920257,128.48872275737514,133.387203453673,DOWN
18.970220912870534,21.005130190149305,114.55768852113262,126.25913186725272,49.200188875869934,56.221424312989676,DOWN
3.722050671758451,12.591975217111514,92.34099217984368,55.97711974709114,151.10428548217752,174.1013283590143,DOWN
101.18716528984197,89.79650488341376,135.2574617869196,142.67601296248597,162.2289469739271,121.58870269202134,DOWN
179.165332392136,162.71362125243402,169.99102595885583,164.18120218450443,132.59159102767217,120.7970860263666,UP
175.81604647222696,174.29161169013977,177.7757696711169,178.13826332705898,120.16284612825112,118.67775724493652,UP
174.21416870300214,167.13286643837193,175.91903698555865,175.29510039772924,130.89044119700722,127.19540931620531,UP
168.23527558907907,170.85676387062398,170.92340494501613,171.42253263186595,100.00579242491426,102.31173344852562,UP
106.86654176380719,104.86531318945899,113.05240670141617,110.00776179352076,128.50875289685877,131.34173412301777,DOWN
65.33139267251384,76.79671434836258,158.9268520986302,152.78230722882083,94.02630232826385,132.30961555190623,DOWN
1.1291275558569307,15.679721990806268,112.0805522167165,76.68305811251791,146.28906428370715,130.2314227310921,DOWN
93.93878149522595,82.76011502529599,111.96932655338043,105.63848809047616,131.49984780457882,139.3857213548859,DOWN
174.50836172181985,167.66904892942802,161.528134201105,159.9029040357721,118.72151197800031,112.42268474453564,UP
172.15076598985888,172.94481191934386,173.108737798665,174.15705560622982,107.7789815184683,108.34109008729865,UP
176.1620816513213,167.55744768079072,170.2472078126795,166.36221162019677,105.43657288884589,100.37545753741927,UP
104.6333522411113,108.10453889927662,115.40490719151023,112.33867472167543,129.9401690551055,134.3414935456653,DOWN
26.616896542387167,64.60936466748822,98.70853819201898,171.7479640334464,66.69710415333844,107.48548502566689,DOWN
168.52842107041505,160.4773172603746,149.91304062538234,148.8958400021286,132.54572641910713,125.2412057995648,UP
175.30241213847432,176.36174837069615,174.04602913075385,175.08151167286186,137.35588625120027,137.88485661040687,UP
168.7526633271428,175.20570248407685,172.77457456303605,175.10822457560425,101.4381333563723,105.94186962397512,UP
109.01720809541715,93.81676544739167,109.82207362803447,97.05361778400061,128.77289924181133,128.35469517335414,DOWN
10.559041358914442,13.954344708191082,96.94746602700424,128.87156178852197,53.77382301760308,63.38970412967591,DOWN
97.40858749022281,90.62659788265556,108.88449262957513,105.47156983907192,135.79159555050342,131.35742595286249,DOWN
171.083444188981,166.72644112658512,162.08007852492338,160.5963271161285,111.93158421706616,106.12599007273968,UP
177.00256838476238,179.40687549333612,177.35843144363204,178.71610492978158,123.00253213455835,119.71403661869769,UP
174.30846975908167,170.30956380114796,173.34833501788475,173.65670472829967,112.45815483769633,108.32935898451032,UP
101.08337116377369,93.09199252350868,114.30640693008951,102.95563139734088,129.93103040303487,131.73538947621648,DOWN
178.22017587177467,164.59051229319252,146.0012655897554,140.90924678587749,102.72575725155235,99.88520808141172,UP
160.4046779111364,160.24600690832875,147.5169701484256,149.16230401262968,131.25662582160064,130.45627703323728,UP
179.2379087517976,167.596123811779,175.98744176912854,179.75252264816618,138.8753359320603,122.4665564876469,UP
175.00553377678597,168.87620620747893,178.3050437289109,179.62762374133086,124.44640603312905,114.78735499411093,UP
165.1562463240904,167.30143846863345,160.90292327554093,161.574399170675,126.3466965004354,120.84669627772755,UP
22.257435364698964,34.85663285212451,92.87312265561418,147.52510395593717,149.62860920266257,113.20100438556919,DOWN
19.700828463239645,15.360382571199398,116.79182548393997,118.030927484193,124.77728122099543,110.10050099475413,DOWN
28.592899174302655,51.37675073932854,133.84500945935608,148.5061697422311,53.044243777273344,60.89187981837382,DOWN
172.14971862365846,167.36454824531359,157.17172384075522,152.98589449969873,138.70315592526987,129.95728390656905,UP
178.31127984995572,169.00327345752805,178.62186386173482,177.04248684230498,142.03441215395418,132.58204877268238,UP
172.70290261680083,173.04851704367832,174.19290564188907,175.41585960939662,129.96103121727936,135.7462170292913,UP
171.6433860319138,160.83674579352075,174.98315596879712,177.60113336976664,135.65268725670853,127.38675098583994,UP
176.69479219619092,179.178066250145,175.06296655957624,173.9920143219198,166.83567479914103,169.18034924093865,UP
177.7239954838798,178.39028088103748,171.006618617135,172.56526548691923,141.05544369469385,164.08262047298257,UP
160.23527769281054,163.24424282487647,167.62175740742617,167.90036267816734,132.21824885485037,137.5475841783947,UP
177.63637858188244,168.8734078106443,167.10373706429513,161.55411791689585,109.83795261311708,114.79658167823153,UP
174.8111817258572,168.4643869216132,179.25577625297782,171.44736728508246,130.43155668228962,132.92431361996918,UP
88.33200284307213,88.86033471780951,106.7265898035755,108.52992764397058,138.2818735555878,134.58719993547905,DOWN
29.60176964329198,32.11967654937953,66.97798623324465,65.17405420511325,145.42635015828137,129.91097660103077,DOWN
177.84227187893282,179.74758025919428,176.78204880506945,172.35850996497967,126.96975004477396,138.83029735271018,UP
168.24901050016882,177.12218029026525,169.25711464173202,172.74057894331165,138.43428735730578,150.75918633185017,UP
59.641408209923476,68.47135925477687,74.45854992652214,78.84856419926113,139.9355577986277,128.5427376429767,DOWN
23.051400487897677,30.929655624053066,46.86009294738493,54.16998816222972,147.0481511979118,128.3103452879568,DOWN
178.23483691053946,174.94906210191746,174.70035103774043,177.9468262658434,178.6531269582775,176.1243617557415,UP
172.78224168318476,176.40380342958036,179.9428318577865,177.39562945282475,147.08139455714056,153.6517802230045,UP
177.87303425534716,179.49609537977574,176.21399357891272,174.2272027099944,137.74955684391458,143.89459592159872,UP
90.80491408515508,91.87368208323443,93.23660983015189,95.94282870130424,140.2049621603505,138.39850667534054,DOWN
105.7037234747657,98.02018752870657,111.7277968124998,105.39569652544414,145.28444032264474,139.5546906573429,DOWN
174.07816497930102,174.30885726975927,177.96812019573125,178.8912367506519,131.5413453606112,131.10923411629966,UP
178.33804868683578,178.48578073758063,175.64424854513925,179.9757101956411,156.82949896909247,157.25698680282358,UP
102.39007276402708,102.69149389977224,110.1209628002416,113.84152854736418,149.23691412470697,145.33547367023652,DOWN
63.34208501602519,92.57877900710474,69.00810799720091,108.50277576804001,149.37495747653873,127.31718510726688,DOWN
178.66556142894294,174.90242739603903,174.29327300046336,171.2112746520943,153.2999581490032,149.23560696744858,UP
173.14491326180996,179.2925762963937,179.5408248703592,179.3714193665757,144.2265679752078,136.56477594670247,UP
179.43842814817685,177.06545678788294,179.0929273273378,177.54452562570367,176.6195633383081,173.76573154837152,UP
94.84098151341328,108.67659692190858,130.60569975137176,129.48376262656754,135.10263939016127,148.15703701308496,DOWN
172.5602511715286,168.24706491352057,164.68107206240816,169.34793236127797,179.61970418093958,166.6729077405758,UP
177.2837237653363,177.8469885342302,173.15679165617476,173.27798776888497,159.1951717160948,160.954564381177,UP
175.31029247093937,179.8166367033657,176.6758930075358,177.0591514469238,130.66606880206456,139.6761519426696,UP
105.50513101453618,105.39729549179702,118.16695488362186,120.07877621639832,148.32273002221007,143.60786087318542,DOWN
37.28055381424479,47.98671962170168,67.40445127984664,54.214439543596626,128.42851158400643,138.76728756240635,DOWN
101.22366967819733,99.421072351519,117.6022539597147,121.23926039856985,145.22222401369078,140.25924160181413,DOWN
177.17168727427267,176.19230323048635,173.9202539680422,174.64291447300025,174.1071819328074,163.9698408260842,UP
175.33978619636787,177.74194136732115,178.04284552405542,179.07283063860368,179.21714347298004,179.1693234289186,UP
179.9246454553715,176.18945007483106,179.71062802409423,177.45258343778394,165.463018423805,166.2458778506897,UP
176.33292620512466,163.97504360174145,176.2564447713602,174.90223602702366,143.73703335935517,139.93423385168705,UP
177.8829356679982,169.36367464782015,178.47974757417333,174.89670104782488,127.26501624095613,124.17155367495506,UP
178.01385018418162,174.50219283959106,176.9692474825457,177.9228476426407,116.86398357551272,140.20788039475096,UP
178.74117744074294,170.36409755105882,175.97836941667111,179.35571817502756,138.43647001941247,138.64282521020004,UP
179.94474269134827,173.86864810198392,178.38292288154412,179.6249116723876,112.6750078445506,138.02785142476168,UP
97.41715620158078,81.11606262626628,98.4641661699187,95.21907344931921,147.83867150943104,130.3573271663575,DOWN
163.72385543230013,160.77849925959836,165.05557940560067,159.43988862066857,108.01379796875568,134.08055586395162,UP
179.46666682211418,179.99086841620445,173.22995998445393,176.2816800062296,141.35780762846724,141.06417527600973,UP
173.89585561660954,170.34755028204472,178.58455852918195,178.15024060458572,139.3660414986206,132.30972587728485,UP
85.44906140667405,81.70421300592727,91.0479652996657,81.94485118643796,146.99078270305972,143.13085350709562,DOWN
98.81544457626728,88.25027550557218,93.53890390816952,97.73311938666967,163.81332239899888,138.16330221110027,DOWN
160.80450067058464,162.53210634814195,162.0907458682148,159.38223188946893,103.04358872512536,131.37303467508227,UP
178.77754638022617,178.27785636614726,179.82747033219178,178.9505204057329,126.26188351640317,90.1791510931293,UP
171.21100419974937,172.24074394155826,179.48727320756794,178.42365095180438,139.15031970339908,137.69922100945004,UP
109.59894529381768,95.53409366967969,120.01471140759426,116.77746392033093,147.1341572037587,133.46428753932236,DOWN
90.69116798091864,93.43980881915309,85.40044749495983,92.86287214064765,140.13991396009766,132.75534708850623,DOWN
169.8827188431239,162.44643007833804,166.74581167679867,164.27228493889913,142.9298049386613,143.54110859473093,UP
169.99196546075623,164.315148166402,176.11103978718742,174.4515246539995,135.7733982909669,135.6764020543659,UP
93.12058385912934,103.67523707924204,91.406162023111,98.49577944304295,148.1002803195599,148.84506641531874,DOWN
169.56673203412922,164.50131481996127,171.25987222381923,166.17797403336786,138.5204458210316,138.57348746598018,UP
172.15766748575982,172.184774205997,178.550881589679,178.4428916205265,130.21399523242613,137.21098339723693,UP
168.411213684709,166.36214722929483,171.11599713389816,168.37793032765296,128.7427350948369,127.64769248940831,UP
174.83436880681185,178.38663903956382,176.8078485738208,176.74706737887752,125.34727403211441,139.07809041921274,UP
100.50644131911821,91.66375897519151,107.18728414200893,106.41789954236286,131.1665716257503,123.75130049812518,DOWN
76.53604986600243,86.48788203951256,72.71686882764837,75.15461804748034,130.12340170569516,137.28191736221376,DOWN
175.94898029882236,167.1506834221334,166.8095596836666,160.6134832818636,128.40828656494924,132.96855793325233,UP
178.02685396735137,177.70787006008476,177.3500571890369,176.8024060711742,110.90402051136276,132.6966968132371,UP
98.53359109401651,104.1616726543082,106.57310062279737,112.96926086630602,131.85794923335027,130.80854408671448,DOWN
105.1877033819801,99.38086478559484,103.00595439047696,94.45238394473512,138.01876498198135,133.43651447322029,DOWN
175.4735581197894,174.272878515442,169.77765713012147,163.74987442613647,140.8685120599295,141.54441849997212,UP
179.63979932905377,177.2286143451452,175.2047000147137,172.78468223106515,138.09050224575364,156.5996393670449,UP
101.45513943548423,83.30761259470637,103.71580572752656,104.85687680234784,146.27259730825716,125.554025114013,DOWN
103.48114555717314,95.34922818046618,95.11973018208388,93.15408979433134,143.15458284101567,134.92707140688898,DOWN
174.21109771386602,174.4606293370387,170.07923511528708,170.59671754426725,120.12689507698033,136.2988844673311,UP
179.44537524788902,175.68091076710948,176.8182910039384,179.1960136665169,136.82815517168635,136.06666328964815,UP
89.91486710188826,86.32167645782755,81.70938424740177,75.31452755556796,125.37702061863497,128.13852623129196,DOWN
169.26002329995626,165.52948157620852,167.93640501416002,166.4084346355119,131.70849437859638,136.90918985257312,UP
176.9568992020151,178.3506652115554,179.2029690707446,176.93045233156846,142.84414140634755,151.25862130957967,UP
74.84302180107062,86.03362523049356,74.09825150796622,72.18756683420783,135.35331848642605,137.3448881306187,DOWN
90.87218607564449,82.52394813572562,87.24164959350351,79.3741209466705,136.91868700886394,131.0435082225209,DOWN
177.89847525713571,176.17260333096178,178.973731982853,176.95108756155213,115.58326654147466,138.89482345309113,UP
172.09175615424144,164.56126336714198,169.57324767865347,164.573651789097,151.40319522033613,150.50472614278357,UP
106.99456354977661,100.81581811266511,88.82917758474697,93.94387996521715,105.5917533911509,111.32850615964682,DOWN
90.58076971987498,79.51656393632527,70.71365376263668,61.31160146357743,137.16814323169444,132.56148573676717,DOWN
74.73639889850142,74.24944789095338,67.42072108666903,64.18696079697021,134.92552519552166,129.8526595787303,DOWN
179.37897487294933,178.96859348588558,177.5191817635437,176.20934691058642,144.45315145599386,145.89745910498843,UP
163.6602861516226,162.3820825348323,170.2129210835644,169.0715852915774,140.72140410330047,138.75204189710678,UP
107.14944726124179,96.57564766928562,89.55678901138835,90.53971516345973,105.6268383896219,71.92657179936873,DOWN
77.06610635761685,68.1539365629887,62.00823614852873,57.16227152471752,146.4453853699547,115.61785628185679,DOWN
165.35686041656203,167.44080520749745,152.86807511094156,152.1769055494963,125.53394154018085,121.75454353999352,UP
107.42025459592077,98.75861023204016,98.79179561586363,95.66414606460232,143.32488175272246,130.18049599595807,DOWN
89.0067500747005,87.5092339220817,69.80374535540533,70.24027050464153,141.63671601885966,131.59848422112,DOWN
87.99609863024796,94.08710937000552,83.20236666544137,94.72600041693113,158.11431755333177,144.58549884044817,DOWN
167.29971862551076,160.64824440288172,167.97443162471237,164.54830950156554,147.02820483959493,144.97975546342133,UP
105.85228246084017,88.23979979991509,103.17669750847898,102.7489354598184,143.05154713688512,127.5780978307428,DOWN
79.96387328125581,79.66493878354805,80.00399067315078,73.41723988936917,141.77100856580515,138.69494160871216,DOWN
178.5987955665766,179.00780320749752,177.2607837961991,177.34247521731828,132.7350789253046,137.77159357918288,UP
166.1118600268678,162.80511300115867,173.19474504051212,166.34673002008225,139.31124990764553,141.78199169238385,UP
96.52345559752882,92.9935418081352,99.99365395707756,90.14579147002847,144.75289667016568,142.2234486483804,DOWN
89.16716918322027,90.44481613803083,84.5170528262563,80.6020002690284,142.3683787761133,142.12987492501412,DOWN
168.46743846675827,169.712974808502,173.34484791398967,172.73294452323148,121.80721505831532,135.1499113834615,UP
177.7284378241596,178.84017542257274,178.9685232615344,177.7638921348201,150.07047583551014,162.22769492354124,UP
178.65176384937502,170.47224751434956,178.12959424837226,171.94779279233626,177.40158616843664,146.71585255987742,UP
173.15312343523894,179.52764009013646,176.47211204651978,177.9327613477655,165.01865534122516,175.40777915185512,UP
175.76392512265699,165.53777935361214,179.75147813528554,168.62603848388943,165.09218154712323,154.40609674536356,UP
172.73751125445526,171.5932183402194,176.85862786278207,167.10341486797753,152.06477514490092,150.92315297837138,UP
99.615745202542,93.51892929395068,135.3777160721043,121.90485896808764,106.12596743560809,118.03871831909544,DOWN
10.121799998074867,54.98650521407215,126.27556151741157,99.6966133610639,19.26835910941492,101.45342245982175,DOWN
49.317792519310906,62.92538338841522,127.60789925419454,100.26818028375715,66.12532488420337,109.39125356779675,DOWN
177.98067387922697,163.03059215818328,168.08772910987602,158.67797525776214,137.4403771572835,97.75792846835208,UP
172.74518685142345,176.6245140219365,176.65395848827367,179.81867608221134,167.38158230194415,171.90943813386508,UP
171.6557061315425,160.17648094246994,171.59204873134894,158.25914159403067,159.36891080889615,150.47139986045792,UP
94.48791739746662,65.02058951701177,119.66221312860765,86.52997804495897,129.6244536383196,131.3124195417789,DOWN
163.5006555947433,177.77781849975145,161.57382349326537,172.27401003779588,130.42235085236453,135.1595460942387,UP
160.45293333355943,163.6267434638895,157.80127911324297,155.53215901930938,121.09201517344701,129.44300536231387,UP
162.49159634289322,174.33346227815295,167.2835769157006,171.53612999865499,127.28237363380055,128.72053260889018,UP
179.44628624034624,168.6672913821884,177.6346735579573,171.6756108223499,165.15503100745417,151.43150636819618,UP
178.62824891687274,179.00573472836948,175.67265926541808,172.2968184348525,154.722656675372,164.35053549459758,UP
172.64874095829202,165.51099009587918,175.7597156476211,177.0125526425395,154.89406373960384,149.5427825119792,UP
105.20231764596639,69.07449149113415,116.19429015547472,108.30520996959443,97.69195175561944,102.36133949950796,DOWN
98.12455231581413,83.9179725036874,70.87982397435975,69.33962742970465,151.89472297143172,127.84693149979672,DOWN
179.12164794194578,178.04505854812317,170.00184518853317,171.38135464375816,134.98313452461048,140.2625546024496,UP
76.62262151978578,78.83581283802211,49.18762653421667,53.8553409270446,101.6149263471779,128.7622335207235,DOWN
172.7703624485153,161.60422673054526,167.17191725397234,155.07525318015797,127.70671053574355,117.87557240056994,UP
176.65107603955062,178.83776209284153,173.20712897784435,178.5933486287284,133.91732057539892,127.26423407322191,UP
91.96116349270636,83.62325505884462,81.11714298108926,84.22836727720859,143.21377543702815,129.05384410870968,DOWN
103.4172485012503,89.30326049368688,79.32841344810952,66.35927535810157,133.9984990871846,127.36987809290933,DOWN
104.09672763097848,79.70835276158635,105.26598347073995,106.4844495486838,154.7433005163667,124.45549710612688,DOWN
172.17500181334736,174.47274973338583,179.61032834578523,177.43775248107696,134.58809660781313,140.45551375320343,UP
94.49273661345751,78.93480536611719,84.5899284888435,86.98250404224817,143.00962266045022,118.80467412519721,DOWN
88.0040959067864,91.28164725411506,84.59299588779665,79.27570963272946,141.58285687510335,143.74553255193192,DOWN
103.80786886173183,102.67752695188744,82.0046172766652,89.24757384569436,148.7245312965414,133.1389362942774,DOWN
166.1738408142597,162.10547439512402,163.0231589077274,161.118373632577,142.2533542075017,139.0844182945178,UP
107.2568114018166,90.33970732660691,102.68149260794526,98.20051909354308,134.42224274616183,116.40797634789284,DOWN
104.12530835658166,102.03685909176266,70.36196552558685,66.83547540118724,132.85435595557803,126.7755871528738,DOWN
166.37289368298565,163.65673347518452,166.54578486234104,165.75114678869647,143.7571496006294,143.72613676259223,UP
174.6407795937726,178.93708883504777,173.54220753632956,172.16648694638502,133.18904670755444,135.9218521038198,UP
167.34279194243248,163.55966812502837,171.5883231105222,170.90884065019097,141.08265035039466,140.4524735547904,UP
106.45721663410652,88.31754919099711,84.20374940736593,89.92615034220961,143.9763576775163,120.34043373860851,DOWN
102.46225826469072,109.25675285402127,92.07936179550511,70.6264359249172,139.95929198783105,151.88101670779827,DOWN
109.07959351639357,104.63345558523051,78.55509581868576,81.67158516208782,141.04757494502036,127.72826952363384,DOWN
168.69557259470793,167.31247748060593,167.391041006017,166.1651268181863,141.74038605107538,143.52206797335694,UP
179.2895204850009,178.63285393356975,172.6205505912539,173.95928980770665,136.70024900927277,140.31977123358897,UP
179.15795847277738,175.98477409826168,179.65119305173747,177.6534613966108,115.08032032871675,127.19210959961188,UP
63.34207769454207,38.5774700477395,107.90700177805952,106.18392561775866,131.48756803487282,107.11159878123061,DOWN
76.47579562314672,55.66127617792455,107.04357137686382,90.66953310416726,141.32941609124634,123.16874029227628,DOWN
94.01146383137603,69.33229705515168,74.30283750901872,73.31546238395278,133.89085924059796,117.66110674729181,DOWN
55.19811691417801,38.91580135067349,126.52336818675556,124.54809602966964,163.45901462234508,136.95369165375038,DOWN
172.9485604853115,173.6575269879735,174.03154708337604,176.6502053364719,141.1799824276895,144.56768995373167,UP
171.6741711480251,168.15070835573067,173.01450640773635,171.75544368872218,153.14804394307492,151.77066711413235,UP
25.642057798520884,27.679291970814205,53.82515350137582,43.52606323169523,147.8471823435389,104.29196229523755,DOWN
88.54577398091445,89.56299207424931,61.31422882650752,16.439027337059578,120.22021666579963,141.12204978101587,DOWN
105.05942629620827,95.62396695723817,135.80881928251821,132.78168007255732,129.74401128645584,119.43127908200935,DOWN
166.36237119942095,176.79621455633952,175.1955580974109,176.5859091444419,168.52574685173124,175.05543025734744,UP
174.22038962970097,177.2506508376157,172.8242737471532,174.31036976335406,76.25196206665272,159.49709203020922,UP
168.2658351671292,170.68611101314096,166.14489940922329,179.08913725708248,150.38795730711055,154.20302759882097,UP
178.3233522746192,178.00029900673277,168.38837465908486,173.46658903992238,176.8988062978103,143.7962088853134,UP
179.94355543021138,176.8946923175441,178.83637361090277,173.60666695889165,165.81360974263998,173.73348004007178,UP
177.05747245598417,167.64228681897973,176.67350519084502,177.28838001907047,156.7584406405854,152.7028733296502,UP
179.16304696985708,175.6172324372008,176.06677459441073,177.75523234533085,136.60029520836153,134.7492436983448,UP
177.91018917276736,172.46241023926365,177.3130421185183,179.6326726286653,122.36889900136971,126.36029694472046,UP
174.08262727820113,166.78881183308943,179.3019394303842,175.49199884048915,133.21786571380446,137.20961721587912,UP
73.0506028702838,57.09034604682961,115.90020878352016,107.73936849070273,170.63468172101108,166.2665037238372,DOWN
107.08543996487236,97.31538298235876,82.14560721288822,77.18983913710278,143.30696561064298,129.93012472279005,DOWN
89.68203828855025,63.59571620104907,113.4322651828339,106.48631547839749,158.86822263275403,111.46405485302942,DOWN
170.11075850608532,166.26378561143025,167.81893472363424,166.9211843494156,132.82635282207468,135.84379910429863,UP
176.1220918735346,176.24111748290173,177.8106714746573,178.68611091547987,136.24579639341334,135.63534756217962,UP
101.61332049619267,85.558368349344,96.22592281836444,94.57752102934971,142.25203366668032,120.58672169290102,DOWN
94.7590462409105,73.73712334715549,89.30881886254996,88.82185712951248,146.57815580144165,113.71985547147936,DOWN
167.9561831833382,169.06022509126015,167.61563010550114,169.25704547061446,136.77083529424965,137.97381629012318,UP
175.24987210680658,176.23136285864857,178.5225426093415,174.57305024201509,132.3130518406927,130.60180932240607,UP
103.08076045767552,79.332826438729,90.25066520033793,86.9816545087211,149.28652576395703,122.91035689747767,DOWN
97.99521624199406,96.73446659517737,85.80264888580106,71.256764164166,133.10363300425698,136.15042604141453,DOWN
170.78094021392266,172.86305332192686,166.2358821888872,169.68411719750293,142.60190166186385,143.86602812449482,UP
175.64890380494347,172.57642447070018,176.24769363028145,172.59390613298038,134.24048294257196,130.2501701315764,UP
101.5641551742724,73.62877944641781,96.6412181386917,95.41817526832067,139.60764767302607,111.25052888799065,DOWN
102.58757450525763,104.5007683708341,69.2269786529991,72.52200210226738,130.2231150553054,112.34109282149153,DOWN
100.68981208071727,102.83365219518811,59.46874149927749,64.48948075682287,75.26869483668094,78.01487943716717,DOWN
85.92386437260757,81.43623906143284,65.57526076946941,68.48462628818353,138.9761546971688,123.43050483302113,DOWN
105.70324350075941,101.27716512747406,75.33091631338893,72.57723939977579,134.67626801595475,122.33190515030668,DOWN
105.93498082726128,89.81864486945517,84.10560247633897,79.56268305820173,135.58595058315223,112.09493496425654,DOWN
168.4259755260406,170.1943087766003,166.00604423779583,166.33328160421863,139.49686282936668,142.0620226367495,UP
96.32257238285814,82.27756675470488,85.79699821906077,87.47213053647774,148.90867941356132,122.2761021204221,DOWN
109.48542537804948,81.54057740750608,107.45939855556617,100.85003670322006,145.24840514211058,112.73434116702171,DOWN
172.01343006129588,167.13748770514343,171.88721296515922,166.98939710970876,122.11209634186615,127.11285422388791,UP
176.0235035642957,174.68945328473734,173.33987122847174,178.2414857279436,150.30844080165994,139.64583136892094,UP
102.38404712567211,97.52057809963986,88.16322912699984,86.76885104731927,137.5766593167076,126.05083064841976,DOWN
173.2241654465188,162.28597808873093,165.7221136239659,160.39518885552158,146.26438382821806,135.9724390735542,UP
176.114293364817,178.888949821136,172.23286645177305,175.89459256108222,135.81117926702433,139.3791685755343,UP
167.43946481921677,162.04637461969438,155.17124370959306,153.4143259168926,135.5418164744407,131.94949149902436,UP
86.90817402537618,93.18713461661417,54.446897884328685,52.51131905964835,126.51884750672957,126.02277410757038,DOWN
93.32815429992775,94.2775247716283,67.32414503726169,67.95106305526836,126.35312508914156,117.51844686135446,DOWN
62.91614841322615,47.174432082074475,77.46007139697711,91.03841894716705,161.54978612243417,112.76853325543956,DOWN
163.59629103172793,163.63473778841012,158.42361321503702,155.3653418384803,138.55829188737175,135.5419735679261,UP
106.66593973029839,97.79594711826593,72.07402821559296,67.0355909413539,139.74017236369087,133.08678453361125,DOWN
108.17002855353525,87.44492660203042,91.55876896661104,90.52085177652827,132.89173421246835,108.22226155901716,DOWN
172.56530257768006,179.1211553075079,174.58135457708013,178.0169029026198,173.2827646953603,169.5102682560823,UP
96.66777877753225,89.65186839475246,63.63695294827522,65.95548568598491,107.57539827490562,102.49186583363458,DOWN
47.786589827217654,46.12010648155291,51.66291210283607,48.78976566009128,127.41549125812757,120.5101007330188,DOWN
39.337817807586305,37.323749135622805,83.12828002043192,94.1284878732488,156.98275016600007,110.8487661649331,DOWN
178.74243864219582,179.42721294902108,179.0241639237765,178.39047332173277,169.51798562650367,165.1600820417926,UP
177.54333801010452,175.06383882150095,175.61863659647497,178.0041886639261,143.80229004505952,145.0734752929155,UP
108.80226441404832,99.8377255732724,75.80038619861452,72.06108077357702,134.30437707163694,128.54668105477265,DOWN
90.0387973549324,87.41806035478913,63.810163616763084,56.06624061419996,149.4261504783393,149.30149991423366,DOWN
73.60621227609306,49.267836223145714,110.04750326407834,103.66812109074321,146.18205728178714,119.13995837838488,DOWN
107.35150618201459,95.85336291794391,87.4783860801983,85.7036766420792,132.08298591357297,113.37919867713956,DOWN
99.50348194397935,89.31731234275782,67.73010076856086,55.75020548775924,128.12494969350965,95.5841937898463,DOWN
166.78153785674533,168.54307669704198,162.77367886574407,163.14116164277257,138.1641093765185,139.04588071777607,UP
169.0497566564288,167.19724312546825,176.14267834872496,174.73932846748613,147.054160201373,145.92121822479837,UP
75.61390169680828,55.774870895158756,104.05642198201926,98.80130425903698,145.57858588435016,121.2626496017854,DOWN
108.48224984114674,101.2914866194505,71.41233984058286,59.212838995072545,133.8541414582471,138.7450377158437,DOWN
104.8583574460051,76.91779040138118,91.24482123203798,89.68556733724675,140.95175132536937,111.04123295407946,DOWN
89.47741357025654,66.59813802903489,99.78633879718242,94.54362061344466,144.6802160141578,115.291702259712,DOWN
81.23236072312636,81.57484490582488,56.66991849533966,53.19180484249719,141.38945030282636,141.7494095621563,DOWN
86.98237395894455,63.51178761157024,97.24004782935744,93.39647818185408,145.95772859112657,115.15883320276174,DOWN
92.49899922270168,99.2580501317467,99.13025778205186,99.02317586983123,131.62634578842082,139.90559474721428,DOWN
167.82057230829346,166.7987306264406,159.0848007283503,157.78294256487533,134.98116402083124,137.43409023808127,UP
165.92782480839614,160.6230400347942,168.0374458654822,166.39635386547204,142.24068659443867,146.1779792139097,UP
100.34375928027038,83.01646999158578,81.62033767305495,82.19251435348343,132.74840703318043,111.52077980369124,DOWN
84.56584064151019,83.30532547788943,56.59107550011986,51.595832273343156,132.53659475654314,129.49687539440586,DOWN
108.30008735310014,92.56659873076666,75.36476739119496,74.84359300966987,116.55617392276072,96.25416869952463,DOWN
108.6035294935401,75.37305466226087,123.47732124483632,118.35608994692655,152.7296782048171,119.19827365478606,DOWN
88.07552557899032,69.92150757153468,136.5669764276451,125.52024430839668,152.97932399758062,124.47838656922156,DOWN
176.19270932922518,176.8398194512863,173.46336898171498,178.09236477986212,141.18851203851588,135.7410827525879,UP
177.5179612707514,176.21764329083948,173.69296307248393,179.16713869489078,122.62817487490383,120.1516258098163,UP
72.65842033742024,52.41205718362784,101.14306388880856,105.37070471100951,136.0857453272515,107.27602845964823,DOWN
100.66238841680149,91.6314426338177,63.04426837287882,60.49106954640164,133.19074914731436,126.0974153279575,DOWN
101.24904685061904,80.77673930711052,72.70086062453102,71.1843680097086,138.93271022105816,120.5833438475251,DOWN
88.27806441177898,62.66977092098177,112.71253389217068,110.11350757601404,136.82780726986297,109.53857901809974,DOWN
108.57592943098524,91.67057649693498,63.787539663509676,60.60871332374247,105.25111107869343,95.61911886402181,DOWN
102.18433189142485,82.88381090440367,102.93443023302247,101.84346859517075,139.96519714725986,116.88307795940517,DOWN
179.06717287908944,174.76677907247088,177.88804683052206,179.62027627805975,163.72561283164885,169.68881114207375,UP
60.60957988783332,38.889542587282136,103.68914780191926,103.52774331446763,167.34462858385353,125.87104177513015,DOWN
106.69754298091323,97.55301100877301,78.1187530593724,67.06357012961907,138.1156276548894,129.61234529341152,DOWN
108.27261599070505,105.40740745070536,67.67693183492901,63.18150128737073,132.5189036026526,119.6422708825967,DOWN
170.5936846078358,169.61188262723545,161.85602142937347,157.75734694926328,135.5389984401975,132.61029619511078,UP
179.1158260654767,178.17713697773013,170.49759863847405,173.34577913546397,131.91820017568443,133.70803839114018,UP
166.9863988676164,167.57456398686858,170.76822522736137,167.61556938999888,138.60210884336223,141.26138685337483,UP
59.17716516111483,43.18436018561689,84.14340849491893,89.26176589373668,128.60736934834839,97.58664125610348,DOWN
102.83266678144179,93.82238854957586,65.17258152411564,61.24427238165648,103.16743274839922,98.88560862760431,DOWN
165.19370316452648,161.25864514157487,157.216828242828,152.65436850102702,140.15580233382312,140.9968089501431,UP
168.6206139231943,166.93640011761107,170.4351218520537,168.5082048405857,139.49662329735472,141.11062272984606,UP
92.5026209096693,86.01964464485019,70.5345683145651,68.54817568704605,150.58675882919738,139.357617155178,DOWN
83.41115995820826,60.47350376484155,95.45859822350282,94.47685365938068,126.14145915059554,97.30122143431115,DOWN
85.6294895887483,52.93731285031049,106.99095054030451,104.1591191658194,158.3510980066614,110.86950976749624,DOWN
25.611375342419294,53.488804656178,159.92605728126932,145.3588990382904,152.66554052472458,163.3054745142949,DOWN
160.89942110104016,166.36816198988518,166.7026740167346,158.821436012785,138.68366708458328,136.94413950924888,UP
88.85674353319422,72.99956704059787,83.58329583838533,84.42311571074713,137.3058062165085,117.1091176297766,DOWN
74.77930728061028,65.13161011957266,62.387118211901075,57.75781383612454,142.15371748008943,124.71788222301622,DOWN
167.73559973449815,176.91812680895313,148.71186063316665,153.88317118061994,120.47936262176046,129.11279119902275,UP
178.68102528929785,177.42360052951122,171.5673283881442,175.2654862704361,143.2858197510983,147.27441729571996,UP
83.9108761033981,60.97855777293091,90.27220996702287,89.71403303310842,145.48385455777753,113.30791000730315,DOWN
95.54435776042686,87.94661782597836,75.19405632868501,67.02549645431446,137.66114121352797,130.26064703359756,DOWN
109.49027911120268,99.72462691105392,85.22522906241791,83.97142573624973,132.90382442136,122.06694780374984,DOWN
170.67446698466148,167.51326170715808,171.91569643967557,167.50737967032353,132.74363484693393,139.38158533150246,UP
76.99508382226713,48.99655561052725,101.08523049660648,97.25373251453163,140.65490949322339,107.08587993437226,DOWN
59.30349360283236,59.896332833201086,53.06028344014727,52.72549421514872,125.29285147053864,118.17795594214033,DOWN
101.08622483376195,81.09327037319537,97.63082343517098,95.11827181342866,139.2308073752075,115.31464157116216,DOWN
167.6171734668343,165.6434845322894,167.06222135940192,163.01676683728215,131.07197560874278,130.26509911070806,UP
77.7001222703243,49.657012987541755,102.58318748336326,102.24281564121551,159.91133790221394,116.33262849464411,DOWN
102.44520931727436,93.74870264227644,72.07049214848551,63.89535897148703,137.8773756231645,128.7358932605367,DOWN
109.00913643192476,100.56651236358579,71.30162541935198,69.90579903415671,131.98142646603378,117.13346337454604,DOWN
175.49388534912308,166.08716785963367,161.57776766582091,157.35058796574538,133.74833691654732,130.5698449812549,UP
171.1490926125322,167.96543717946057,176.31249146623074,178.1529859397736,158.94181743165478,145.6847804709021,UP
171.06885507738176,167.22763583895104,176.8509270110375,171.10967203270846,121.05989474587042,127.45467608948307,UP
92.30150137298364,63.947103100071445,86.91613226143312,90.73777797807223,146.8752594219009,106.07132590279008,DOWN
98.63557543548671,91.3188983635826,59.832663805674756,54.24337305169213,121.50755009610113,119.40815006045419,DOWN
164.99798323939277,160.45714481964848,162.0086901143179,155.73479593888084,141.18523017701892,138.46403791930268,UP
178.54748742038225,176.063472734914,170.30595604004972,175.8515654683338,136.82529737664908,158.28438994210742,UP
178.36734817669821,173.69423990724135,176.18050456089128,179.07532250855883,147.51645031706633,141.28689836479356,UP
165.115821251768,162.70842883817744,158.47427006316062,155.15993522427434,139.78508432388998,132.12394878665486,UP
90.86004370391015,63.441294403911286,85.31652855920993,85.0821001787392,139.83042715477015,104.57903166823556,DOWN
106.97559418532018,103.76312257646725,73.96864916252962,61.3940144059788,138.3623854177893,135.41873466403598,DOWN
99.3916969929951,95.60016952175164,65.09196124700372,58.01960258160649,131.13984043778368,129.2893052214088,DOWN
93.11179040928852,82.57593219735168,68.3992517538043,60.743006216589784,130.58196897552276,121.36930490415808,DOWN
102.84474344320216,86.84051864713626,78.28297987990626,72.51654717351452,139.54824597295644,122.88850971538814,DOWN
177.568489344028,174.95036885548402,176.69408104384124,178.89888104518408,163.4280067203752,157.17318212923067,UP
174.9989014835428,169.90328582449743,179.2772341404054,176.5782915810229,163.63663482871257,174.63221940620184,UP
81.69032620933245,52.29624427941354,115.44796594205634,108.29788357765116,149.46010349023913,117.8212212044221,DOWN
104.70606708547061,102.00687118365101,66.4716798748926,58.35303045140426,146.60881419588281,143.20626135738698,DOWN
81.61745540814951,70.41285166741181,54.017907440610664,49.99112159484394,102.63185548413817,98.81598630872173,DOWN
80.0635658084521,49.025335690764095,121.38101087719765,114.88846876414587,153.98825883430092,122.2246916671218,DOWN
179.19212824222907,174.25136583157555,175.1243413822826,178.07531661214745,170.78016834170404,167.1198368764134,UP
69.99374968814215,46.1216798885161,112.73473935583864,109.41030315776416,139.1483638061257,106.05526841451187,DOWN
95.49196052832781,88.80860835197262,61.69722697808222,52.659721059666765,127.12234816325969,121.30018293346727,DOWN
52.950818785765705,31.17214045816311,95.40092510656704,96.71077354926916,177.04796971319072,135.36772002356,DOWN
174.56540383909018,179.6360193239444,172.9428305478961,176.83787448732713,145.80474572938584,144.44474090459312,UP
178.62432294326322,177.92544518847328,177.53075433949513,174.2825852239924,165.4837612780376,163.52744520625868,UP
177.45861918873337,177.95013332042916,168.06291764203343,174.2013336926846,122.80760984977815,168.83047942772828,UP
161.8738688895264,170.181068775636,169.70239452702432,168.41177920008204,116.13436242552245,121.77051641738186,UP
51.8512471639516,65.41298732298192,74.78084532651087,82.46710664448705,116.65216018684904,137.79539886606992,DOWN
60.57187004248757,39.96405069305321,38.059611757433686,35.140736321483985,67.87652544288773,45.843032488380345,DOWN
21.29591461065344,42.15126580357023,59.059636181499286,53.17186818201691,43.07941879155362,114.76000256361081,DOWN
173.96140976009656,166.23235336777478,166.3416795542485,161.82472115808497,122.15822085838994,116.7936548819514,UP
164.05923214709347,169.9322853427457,178.67934818524537,178.86565803081953,123.24710702118637,124.7457909300141,UP
62.427402673660595,60.87907277624947,125.36503954022615,118.2603289082962,87.42864627685384,98.26669523996162,DOWN
46.87499058650798,46.12178542804328,41.54288321578218,45.91917423851123,107.92350920410175,129.53817730879032,DOWN
34.22948624975459,50.25173785436036,56.922412477831756,60.24124457026852,112.10920358111781,136.2799478186471,DOWN
170.89298344608173,170.01656865441637,179.9689376501711,178.69223463601992,118.14765021322526,118.0140267734977,UP
174.97012819196354,168.66138325098396,173.64685908692184,177.8202522434153,118.4874728538285,94.77100469316457,UP
171.68035429588673,174.51495234411547,170.56176178535387,169.7923162827754,110.71193354096957,117.11512306798065,UP
79.65449271874617,94.76089481235934,112.69362182536824,115.49912000820382,113.71486704400965,141.4290802219976,DOWN
64.36543223688827,75.97207335113426,54.242108215485985,58.88072045901208,85.12795962792984,114.87652294587363,DOWN
57.61411882737955,71.97324007193242,49.76653148132971,61.198913878876,102.25894115017144,126.38607701761129,DOWN
51.56807167664141,80.00995766760923,54.95836095023719,63.47669570647059,87.85941942171831,125.37007132002216,DOWN
51.55021768055843,67.0477324336107,54.223740233714466,57.77456059096795,108.12056766134279,132.41649269963892,DOWN
35.707321450247726,54.09581688478153,49.44987589111031,55.2826941857046,100.45162870135371,120.62281901941512,DOWN
174.38332792120235,166.82325585871106,169.76893731318242,165.43899099994076,96.60092178107965,78.5939343105486,UP
172.20967470506267,168.32470414318993,178.94501752339292,178.49658694295653,104.99963815727398,95.23143703937546,UP
168.10742061628858,169.46444379139604,178.73333810831167,175.99072409235313,131.79102096269423,121.63637104466761,UP
167.83062639359397,160.2458857650093,167.17404948444488,160.0485265288763,118.37224458838392,113.46743812803123,UP
85.26802369157893,88.94252364811734,91.78329387496086,90.55362431467614,122.71764580811225,125.97957993579098,DOWN
23.35683689641721,51.237724950026596,47.84236834970608,56.062512054315334,87.71133250050488,123.72862482360259,DOWN
43.65744810626365,40.71256570264752,98.63644883750374,91.60259053013414,94.36548800432894,94.9363482562402,DOWN
173.3715696290348,175.1422933949152,177.68128403363193,174.7221083210099,135.77333800276975,135.01014647584313,UP
163.19055637757188,177.93751114540288,165.0947417558201,172.5751129121117,123.28166957047378,124.42564358011236,UP
84.5253511159128,99.43296889998815,106.78654557702592,104.99979589686575,105.02007949304738,131.30072090579543,DOWN
33.1789860655987,30.581348405410942,58.59754341560233,38.193766068586854,148.89706768770202,150.031585913079,DOWN
167.86581430901427,163.69444986310066,160.10170131941436,157.84265279709484,132.41289421036032,134.56492857637366,UP
179.4000957496272,177.27320072123186,176.49616840932052,179.47818150625707,171.56274166671218,172.56768677129807,UP
173.3864278174034,172.02610879037906,177.95399007485284,178.19117965703893,133.86783108383463,138.95446488188884,UP
177.0789493913253,176.58835565839618,172.68622865857049,173.8114273782106,106.41308295753416,105.21904624482826,UP
59.62863228354481,93.05944492258925,79.14377495904807,86.02574247574086,100.22753045687477,142.3297360514404,DOWN
24.27916722461844,57.446415470568496,68.58104516545819,66.12204711207733,74.71920697421376,149.75011201009048,DOWN
14.80475399112357,33.858345185009,117.29064982687754,115.29248856688565,28.064819390113637,54.519677891454606,DOWN
171.99143096584888,173.51319644226749,174.63093194796252,172.5595755919238,136.47406694477252,141.58049435690899,UP
170.29740595920342,174.86074648924662,178.97028384038921,179.6280403178761,145.18778356551255,149.02268640187796,UP
86.11395818305198,97.19286935218308,131.9655324625114,122.76133493240525,96.56261718259361,122.24307709077803,DOWN
20.653076445833012,50.557462373802814,71.93771549202512,66.53542006987607,103.32188954587295,152.10869458200995,DOWN
98.2640377030179,93.4296152092379,126.15994008404297,112.42791012138423,93.85683175894172,121.25380182556563,DOWN
174.25039432790322,179.89139543119737,176.4658765057421,176.6360084626265,172.58178911768212,167.14147835057486,UP
172.47912312478402,176.1077399469993,175.57607981401512,178.27265831974904,137.0724515453498,137.48136895445379,UP
28.9048436026841,40.73494699630211,96.05627803345936,92.66284755232027,146.55971242910027,149.33317658812544,DOWN
33.13306709070273,41.55015990007202,65.74839750487956,54.696301942414436,135.78313059657054,174.33909671794424,DOWN
95.41732775383538,73.11835795793854,101.26352610541215,80.11885441130067,116.09647988670369,131.2498052942599,DOWN
171.13122754651394,178.7992812113578,179.6560286464841,178.99389316512367,148.47127872884917,145.5572840574791,UP
173.9924359763661,175.37873303564967,176.16029673743444,179.6683657235022,125.2320390441698,109.97345284011033,UP
162.78295521373488,161.45167066239202,171.6071892414995,168.8715410950028,122.87548410895485,124.37448633838295,UP
46.97379864566657,62.112149781994766,93.94501510448032,94.00631288228004,138.12989065154494,151.44642579404007,DOWN
34.67638884421801,52.84047847171658,69.48901217386896,67.14047506595193,141.19008138777147,165.35030792347214,DOWN
173.3331592877761,178.77532062141728,179.8928316252021,178.73452467198308,140.78876485473174,142.4831334039937,UP
176.91390838460978,178.41520318311052,178.35839932867313,176.59861813104104,158.0370818290708,158.3603956498934,UP
24.77020678997827,23.634343722996945,76.76565681099453,77.12872465384089,141.79189849391062,140.33714878815763,DOWN
39.84648352242557,39.43077207909226,76.4863947490258,67.3594208936039,94.94189630600431,130.26281405041811,DOWN
175.55357913890623,178.87172318231964,174.0295722113354,179.6449309151646,146.2452234362562,172.95035214810173,UP
178.43874202893957,165.8685194493283,178.83892180202415,171.87032699243642,149.1937909504831,142.41595960619958,UP
172.45400969600317,171.56185966257814,178.58931696512252,177.38387713207453,135.55673285185975,131.81846046673508,UP
179.16852224888544,178.62839727180156,174.7867189633841,176.2550505827654,165.95869509355137,168.68857527624598,UP
179.23969422853014,176.4034189757076,173.19753682198893,177.2096739258614,175.15933522293312,165.16459063937174,UP
